pc_id,eig_val,exp_var,neg,pos
0,0.009020244031706285,0.21489327774903358,' you ? n't `` o,we ’ our d even two
1,0.007704083799751375,0.18353780828572933,' we o our ’ d,? you `` '' do n't
2,0.006964586591329203,0.16592043801885856,you we even n't `` much,’ d ? s er o
3,0.006477405182100103,0.15431409904181528,? ' why how indeed himself,you ’ n't d will do
4,0.006088005552148215,0.14503725879885868,her she nothing room gods something,we our ? us n't do
5,0.00572113413229967,0.13629711810570466,you ? do how ' tell,`` '' : ’ said god
